<?xml version="1.0" encoding="UTF-8" standalone="no"?>
<project basedir="." default="all" name="emo_framework">

	<property environment="env" />
	<property name="target" value="1.6" />
	<property name="source" value="1.6" />
	<property name="bin" value="bin/classes" />
	<property name="src" value="src" />
	
	<property name="binfile" value="export/emo_framework.jar" />
	<property name="sofile"  value="libs/armeabi/libemo-android.so" />

	<property name="example_dir"   value="../Android-Examples/" />
	<property name="template_dir"  value="../Android-Template/" />

	<target name="buildjar">
		<jar destfile="${binfile}">
			<zipfileset dir="${bin}">
				<include name="**/*.properties" />
				<include name="**/*.class" />
				<exclude name="**/R.class" />
				<exclude name="**/R$*.class" />
			</zipfileset>
		</jar>
	</target>
	
	<target name="copyjar">
		<copy file="${binfile}" todir="${to_dir}libs/" />
		<copy file="${sofile}" todir="${to_dir}libs/armeabi/" />
		<copy todir="${to_dir}assets/">
			<fileset dir="assets/" includes="*.nut" />
		</copy>
		<eclipse.refreshLocal resource="${to_dir}" depth="infinite"/>
	</target>

	<target name="all">
	    <antcall target="buildjar"/>
	    <antcall target="copyjar">
			<param name="to_dir" value="${example_dir}" />
		</antcall>
	    <antcall target="copyjar">
			<param name="to_dir" value="${template_dir}" />
		</antcall>
	</target>
</project>
